INSERT INTO users (id, username, password, lastname, firstname, birthname, birthdate, email, role) VALUES ('0d21a9f2-dce4-4669-9990-32ba43609f2a', 'beguelin.sophie', '$2a$10$Dow1U.V6H9g8E1kK1zJvK.c8W4uC6cY6qHnI9Kyq5AX3UjQkRQOBK','Béguelin','Sophie', 'Beurret', '1971-03-28 00:00:00', 'leafrancillon@corbat.ch', 'ROLE_USER');
INSERT INTO users (id, username, password, lastname, firstname, birthname, birthdate, email, role) VALUES ('90cf51df-838d-44a4-9537-b802106ccebd', 'mayor.jean-claude', '$2a$10$Dow1U.V6H9g8E1kK1zJvK.c8W4uC6cY6qHnI9Kyq5AX3UjQkRQOBK','Mayor','Jean-Claude',null, '1967-11-20 00:00:00', 'odettegillieron@vienne.ch', 'ROLE_USER');
INSERT INTO users (id, username, password, lastname, firstname, birthname, birthdate, email, role) VALUES ('a1b2bde4-662a-4e86-ac5b-614ccfa9ee73', 'sandoz.chloe', '$2a$10$Dow1U.V6H9g8E1kK1zJvK.c8W4uC6cY6qHnI9Kyq5AX3UjQkRQOBK','Sandoz','Chloé', 'Corpataux', '1969-11-13 00:00:00', 'gilbertmottiez@vtxnet.ch', 'ROLE_USER');
INSERT INTO users (id, username, password, lastname, firstname, birthname, birthdate, email, role) VALUES ('74338e85-1a22-4efb-ad21-7586565d8857', 'beguelin.florian', '$2a$10$Dow1U.V6H9g8E1kK1zJvK.c8W4uC6cY6qHnI9Kyq5AX3UjQkRQOBK','Béguelin','Florian',null, '1969-01-27 00:00:00', 'brosselat@hotmail.fr', 'ROLE_USER');
INSERT INTO users (id, username, password, lastname, firstname, birthname, birthdate, email, role) VALUES ('c499bed7-fee3-4d83-b7bf-755931198080', 'uldry.corinne', '$2a$10$Dow1U.V6H9g8E1kK1zJvK.c8W4uC6cY6qHnI9Kyq5AX3UjQkRQOBK','Uldry','Corinne', 'Monnard', '1972-06-06 00:00:00', 'nbouvier@romandie.com', 'ROLE_USER');
INSERT INTO users (id, username, password, lastname, firstname, birthname, birthdate, email, role) VALUES ('ac756c32-2e59-45b8-8830-8ce57f0eb797', 'pasquier.valerie', '$2a$10$Dow1U.V6H9g8E1kK1zJvK.c8W4uC6cY6qHnI9Kyq5AX3UjQkRQOBK','Pasquier','Valérie', 'Chappuis', '1981-02-08 00:00:00', 'martivincent@morard.net', 'ROLE_USER');
INSERT INTO users (id, username, password, lastname, firstname, birthname, birthdate, email, role) VALUES ('d367da4b-5454-494c-a7dc-89e1133fc847', 'chatriant.thierry', '$2a$10$Dow1U.V6H9g8E1kK1zJvK.c8W4uC6cY6qHnI9Kyq5AX3UjQkRQOBK','Chatriant','Thierry',null, '1979-12-14 00:00:00', 'charpieraymond@martin.ch', 'ROLE_USER');
INSERT INTO users (id, username, password, lastname, firstname, birthname, birthdate, email, role) VALUES ('f6690ac5-202d-4c01-a731-5ff5193e192d', 'peitrequin.alexandre', '$2a$10$Dow1U.V6H9g8E1kK1zJvK.c8W4uC6cY6qHnI9Kyq5AX3UjQkRQOBK','Peitrequin','Alexandre',null, '1964-11-14 00:00:00', 'rapinanna@vtxnet.ch', 'ROLE_USER');
INSERT INTO users (id, username, password, lastname, firstname, birthname, birthdate, email, role) VALUES ('905ed1a5-c25e-4d90-9407-1e697c8fd950', 'monnet.sophie', '$2a$10$Dow1U.V6H9g8E1kK1zJvK.c8W4uC6cY6qHnI9Kyq5AX3UjQkRQOBK','Monnet','Sophie', 'Humbert', '1985-11-21 00:00:00', 'alainmarty@bonvin.ch', 'ROLE_USER');
INSERT INTO users (id, username, password, lastname, firstname, birthname, birthdate, email, role) VALUES ('07cf5d31-2428-4fef-b5d2-ef8f1ff26e3f', 'morard.sandrine', '$2a$10$Dow1U.V6H9g8E1kK1zJvK.c8W4uC6cY6qHnI9Kyq5AX3UjQkRQOBK','Morard','Sandrine', 'Chevrolet', '1993-10-02 00:00:00', 'madeleinedeleze@bluewin.ch', 'ROLE_USER');
INSERT INTO users (id, username, password, lastname, firstname, birthname, birthdate, email, role) VALUES ('7761c89d-9f49-4db5-b831-dca58ba6431d', 'cossy.chloe', '$2a$10$Dow1U.V6H9g8E1kK1zJvK.c8W4uC6cY6qHnI9Kyq5AX3UjQkRQOBK','Cossy','Chloé', 'Treboux', '1997-07-13 00:00:00', 'pierrevuille@cosendey.ch', 'ROLE_USER');
INSERT INTO users (id, username, password, lastname, firstname, birthname, birthdate, email, role) VALUES ('423a5390-069f-4139-91e5-be749055e992', 'morard.sophie', '$2a$10$Dow1U.V6H9g8E1kK1zJvK.c8W4uC6cY6qHnI9Kyq5AX3UjQkRQOBK','Morard','Sophie', 'Dubey', '1992-01-19 00:00:00', 'guberanjonathan@chappuis.net', 'ROLE_USER');
INSERT INTO users (id, username, password, lastname, firstname, birthname, birthdate, email, role) VALUES ('0afb4f2c-e21a-404d-b121-e5b398ceae4b', 'cornut.veronique', '$2a$10$Dow1U.V6H9g8E1kK1zJvK.c8W4uC6cY6qHnI9Kyq5AX3UjQkRQOBK','Cornut','Véronique', 'Deladoëy', '1981-02-12 00:00:00', 'thierryrosselet@mercier.ch', 'ROLE_USER');
INSERT INTO users (id, username, password, lastname, firstname, birthname, birthdate, email, role) VALUES ('ad337321-4be7-4bf2-8eca-697797422e85', 'paccot.julie', '$2a$10$Dow1U.V6H9g8E1kK1zJvK.c8W4uC6cY6qHnI9Kyq5AX3UjQkRQOBK','Paccot','Julie', 'Charpié', '1984-11-23 00:00:00', 'bernasconidanielle@yahoo.fr', 'ROLE_USER');
INSERT INTO users (id, username, password, lastname, firstname, birthname, birthdate, email, role) VALUES ('d9ae1fcd-23b8-4888-987a-ef8930673efc', 'wicht.georges', '$2a$10$abcdefghijklmnopqrstuv', 'Wicht', 'Georges', 'Nusslé', '1981-05-29 00:00:00', 'matteogrosjean@carron.org', 'ROLE_USER');
INSERT INTO address (id, user_id, principale, numero, ligne_1, ligne_2, code_postal, ville, pays) VALUES (1, '0d21a9f2-dce4-4669-9990-32ba43609f2a', TRUE, 94, 'rue Chatriand', NULL, '8007', 'Müller (GE)', 'Suisse');
INSERT INTO address (id, user_id, principale, numero, ligne_1, ligne_2, code_postal, ville, pays) VALUES (2, '0d21a9f2-dce4-4669-9990-32ba43609f2a', FALSE, 195, 'rue de Candaux', NULL, '3990', 'Quartier am See', 'Suisse');
INSERT INTO address (id, user_id, principale, numero, ligne_1, ligne_2, code_postal, ville, pays) VALUES (3, '0d21a9f2-dce4-4669-9990-32ba43609f2a', FALSE, 91, 'rue François Babey', NULL, '7627', 'Charpié (OW)', 'Suisse');
INSERT INTO address (id, user_id, principale, numero, ligne_1, ligne_2, code_postal, ville, pays) VALUES (4, '90cf51df-838d-44a4-9537-b802106ccebd', TRUE, 189, 'boulevard de Besse', NULL, '8517', 'Saint Cosandey', 'Suisse');
INSERT INTO address (id, user_id, principale, numero, ligne_1, ligne_2, code_postal, ville, pays) VALUES (5, '90cf51df-838d-44a4-9537-b802106ccebd', FALSE, 87, 'chemin Vonlanthen', NULL, '5996', 'Georges', 'Suisse');
INSERT INTO address (id, user_id, principale, numero, ligne_1, ligne_2, code_postal, ville, pays) VALUES (6, 'a1b2bde4-662a-4e86-ac5b-614ccfa9ee73', TRUE, 10, 'rue Grojean', NULL, '3851', 'Chappuis-des-Bois', 'Suisse');
INSERT INTO address (id, user_id, principale, numero, ligne_1, ligne_2, code_postal, ville, pays) VALUES (7, 'a1b2bde4-662a-4e86-ac5b-614ccfa9ee73', FALSE, 13, 'rue Noah Matile', NULL, '6003', 'Chopard', 'Suisse');
INSERT INTO address (id, user_id, principale, numero, ligne_1, ligne_2, code_postal, ville, pays) VALUES (8, '74338e85-1a22-4efb-ad21-7586565d8857', TRUE, 25, 'avenue Beuchat', NULL, '2521', 'Humbert-près-Délèze', 'Suisse');
INSERT INTO address (id, user_id, principale, numero, ligne_1, ligne_2, code_postal, ville, pays) VALUES (9, 'c499bed7-fee3-4d83-b7bf-755931198080', FALSE, 187, 'boulevard de Wicht', NULL, '7264', 'Chevalley', 'Suisse');
INSERT INTO address (id, user_id, principale, numero, ligne_1, ligne_2, code_postal, ville, pays) VALUES (10, 'c499bed7-fee3-4d83-b7bf-755931198080', FALSE, 133, 'rue Quartier', NULL, '4671', 'Julliard am Albis', 'Suisse');
INSERT INTO address (id, user_id, principale, numero, ligne_1, ligne_2, code_postal, ville, pays) VALUES (11, 'c499bed7-fee3-4d83-b7bf-755931198080', TRUE, 141, 'chemin Nusslé', NULL, '7481', 'Nüsslin (ZG)', 'Suisse');
INSERT INTO address (id, user_id, principale, numero, ligne_1, ligne_2, code_postal, ville, pays) VALUES (12, 'ac756c32-2e59-45b8-8830-8ce57f0eb797', FALSE, 99, 'boulevard Chappuis', NULL, '3852', 'Joye', 'Suisse');
INSERT INTO address (id, user_id, principale, numero, ligne_1, ligne_2, code_postal, ville, pays) VALUES (13, 'ac756c32-2e59-45b8-8830-8ce57f0eb797', TRUE, 154, 'chemin de Bujard', NULL, '1804', 'Courvoisier-sur-Balmat', 'Suisse');
INSERT INTO address (id, user_id, principale, numero, ligne_1, ligne_2, code_postal, ville, pays) VALUES (14, 'd367da4b-5454-494c-a7dc-89e1133fc847', FALSE, 174, 'chemin Sara Grosjean', NULL, '1395', 'San Nüsslin', 'Suisse');
INSERT INTO address (id, user_id, principale, numero, ligne_1, ligne_2, code_postal, ville, pays) VALUES (15, 'd367da4b-5454-494c-a7dc-89e1133fc847', TRUE, 113, 'rue Tinguely', NULL, '2672', 'Sainte Barillon', 'Suisse');
INSERT INTO address (id, user_id, principale, numero, ligne_1, ligne_2, code_postal, ville, pays) VALUES (16, 'f6690ac5-202d-4c01-a731-5ff5193e192d', TRUE, 154, 'avenue de Musy', NULL, '6509', 'Bernasconi', 'Suisse');
INSERT INTO address (id, user_id, principale, numero, ligne_1, ligne_2, code_postal, ville, pays) VALUES (17, '905ed1a5-c25e-4d90-9407-1e697c8fd950', TRUE, 57, 'boulevard de Sansonnens', NULL, '4277', 'Thorens', 'Suisse');
INSERT INTO address (id, user_id, principale, numero, ligne_1, ligne_2, code_postal, ville, pays) VALUES (18, '07cf5d31-2428-4fef-b5d2-ef8f1ff26e3f', TRUE, 99, 'avenue Chevalley', NULL, '7230', 'Joye-Dessous', 'Suisse');
INSERT INTO address (id, user_id, principale, numero, ligne_1, ligne_2, code_postal, ville, pays) VALUES (19, '07cf5d31-2428-4fef-b5d2-ef8f1ff26e3f', FALSE, 177, 'avenue Corpataux', NULL, '7356', 'Saint Bourquard', 'Suisse');
INSERT INTO address (id, user_id, principale, numero, ligne_1, ligne_2, code_postal, ville, pays) VALUES (20, '7761c89d-9f49-4db5-b831-dca58ba6431d', FALSE, 27, 'avenue Denise Cousin', NULL, '7450', 'Corbat', 'Suisse');
INSERT INTO address (id, user_id, principale, numero, ligne_1, ligne_2, code_postal, ville, pays) VALUES (21, '7761c89d-9f49-4db5-b831-dca58ba6431d', TRUE, 98, 'avenue Comman', NULL, '8230', 'Martin an der Aare', 'Suisse');
INSERT INTO address (id, user_id, principale, numero, ligne_1, ligne_2, code_postal, ville, pays) VALUES (22, '423a5390-069f-4139-91e5-be749055e992', FALSE, 105, 'chemin de Nusslé', NULL, '1297', 'Boichat am Rhein', 'Suisse');
INSERT INTO address (id, user_id, principale, numero, ligne_1, ligne_2, code_postal, ville, pays) VALUES (23, '423a5390-069f-4139-91e5-be749055e992', TRUE, 93, 'avenue de Nüsslin', NULL, '3724', 'Marti', 'Suisse');
INSERT INTO address (id, user_id, principale, numero, ligne_1, ligne_2, code_postal, ville, pays) VALUES (24, '423a5390-069f-4139-91e5-be749055e992', FALSE, 53, 'rue de Cosendey', NULL, '1403', 'Chatriand an der Aare', 'Suisse');
INSERT INTO address (id, user_id, principale, numero, ligne_1, ligne_2, code_postal, ville, pays) VALUES (25, '0afb4f2c-e21a-404d-b121-e5b398ceae4b', FALSE, 93, 'avenue Sarah Alber', NULL, '6203', 'Comman-les-Bains', 'Suisse');
INSERT INTO address (id, user_id, principale, numero, ligne_1, ligne_2, code_postal, ville, pays) VALUES (26, '0afb4f2c-e21a-404d-b121-e5b398ceae4b', TRUE, 177, 'boulevard Bruno Bonvin', NULL, '9775', 'Théraulaz', 'Suisse');
INSERT INTO address (id, user_id, principale, numero, ligne_1, ligne_2, code_postal, ville, pays) VALUES (27, 'ad337321-4be7-4bf2-8eca-697797422e85', FALSE, 95, 'rue David Polla', NULL, '6836', 'Julliard', 'Suisse');
INSERT INTO address (id, user_id, principale, numero, ligne_1, ligne_2, code_postal, ville, pays) VALUES (28, 'ad337321-4be7-4bf2-8eca-697797422e85', FALSE, 173, 'rue de Paschoud', NULL, '4746', 'Chatriand-Dessous', 'Suisse');
INSERT INTO address (id, user_id, principale, numero, ligne_1, ligne_2, code_postal, ville, pays) VALUES (29, 'ad337321-4be7-4bf2-8eca-697797422e85', TRUE, 45, 'chemin Niquille', NULL, '8533', 'Piccand', 'Suisse');
INSERT INTO asset_classes (id, name, category_id) VALUES (1, 'Galland Sàrl.', 3);
INSERT INTO asset_classes (id, name, category_id) VALUES (2, 'Coigny SA', 2);
INSERT INTO asset_classes (id, name, category_id) VALUES (3, 'Peitrequin SA', 3);
INSERT INTO asset_classes (id, name, category_id) VALUES (4, 'Godet', 1);
INSERT INTO asset_classes (id, name, category_id) VALUES (5, 'Monnard Sàrl.', 3);
INSERT INTO asset_classes (id, name, category_id) VALUES (6, 'Brandt Sàrl.', 2);
INSERT INTO asset_classes (id, name, category_id) VALUES (7, 'Privet Cossy Sàrl.', 2);
INSERT INTO asset_classes (id, name, category_id) VALUES (8, 'Dubey', 2);
INSERT INTO asset_classes (id, name, category_id) VALUES (9, 'Deladoëy', 1);
INSERT INTO asset_classes (id, name, category_id) VALUES (10, 'Masseron', 3);
INSERT INTO asset_classes (id, name, category_id) VALUES (11, 'Nüsslin', 3);
INSERT INTO asset_classes (id, name, category_id) VALUES (12, 'Cousin Humbert Sàrl.', 2);
INSERT INTO asset_classes (id, name, category_id) VALUES (13, 'Bochud SA', 1);
INSERT INTO asset_classes (id, name, category_id) VALUES (14, 'Beuchat', 2);
INSERT INTO asset_classes (id, name, category_id) VALUES (15, 'Robadey', 1);
INSERT INTO asset_classes (id, name, category_id) VALUES (16, 'Courvoisier', 3);
INSERT INTO asset_classes (id, name, category_id) VALUES (17, 'Delèze Sàrl.', 2);
INSERT INTO asset_classes (id, name, category_id) VALUES (18, 'Comman SA', 2);
INSERT INTO asset_classes (id, name, category_id) VALUES (19, 'Masseron SA', 1);
INSERT INTO asset_classes (id, name, category_id) VALUES (20, 'Vuille', 2);
INSERT INTO portfolios (id, user_id, name, risk_profile_id, stocks, bonds, created_at) VALUES ('cdb7190c-bfe2-4f69-a3da-45aa1c506d82', '0d21a9f2-dce4-4669-9990-32ba43609f2a', 'Portefeuille aliceblue ratione', 1, 28.93, 71.07, '2024-03-18 22:26:00');
INSERT INTO portfolios (id, user_id, name, risk_profile_id, stocks, bonds, created_at) VALUES ('1e192e0d-6bf4-4b31-a0a2-3cef0066b67d', '0d21a9f2-dce4-4669-9990-32ba43609f2a', 'Portefeuille lightskyblue eos', 2, 8.34, 91.66, '2024-04-17 22:04:41');
INSERT INTO portfolios (id, user_id, name, risk_profile_id, stocks, bonds, created_at) VALUES ('d6beebbb-5325-4e4b-ab9e-3dff45cde1af', '0d21a9f2-dce4-4669-9990-32ba43609f2a', 'Portefeuille darkslategray eos', 3, 81.07, 18.93, '2024-09-29 16:18:07');
INSERT INTO portfolios (id, user_id, name, risk_profile_id, stocks, bonds, created_at) VALUES ('d1e9de36-9e11-4116-a958-dac22cafeefa', '0d21a9f2-dce4-4669-9990-32ba43609f2a', 'Portefeuille dimgray voluptatibus', 3, 22.01, 77.99, '2023-09-08 07:27:01');
INSERT INTO portfolios (id, user_id, name, risk_profile_id, stocks, bonds, created_at) VALUES ('d4fb0855-7bd5-48d1-917b-1d4d7f6796a3', '90cf51df-838d-44a4-9537-b802106ccebd', 'Portefeuille indianred eveniet', 2, 77.05, 22.95, '2024-04-02 08:59:27');
INSERT INTO portfolios (id, user_id, name, risk_profile_id, stocks, bonds, created_at) VALUES ('33bfa398-4a97-4cff-924b-dfeb55ad8bf9', 'a1b2bde4-662a-4e86-ac5b-614ccfa9ee73', 'Portefeuille deeppink temporibus', 3, 21.67, 78.33, '2024-04-27 01:29:52');
INSERT INTO portfolios (id, user_id, name, risk_profile_id, stocks, bonds, created_at) VALUES ('5770eaa1-e08d-47c2-905d-05a38dc31ab2', 'a1b2bde4-662a-4e86-ac5b-614ccfa9ee73', 'Portefeuille tan ipsum', 2, 56.05, 43.95, '2024-11-09 14:33:19');
INSERT INTO portfolios (id, user_id, name, risk_profile_id, stocks, bonds, created_at) VALUES ('e7922bb0-81fc-4a98-a917-5ccea3cf5778', 'a1b2bde4-662a-4e86-ac5b-614ccfa9ee73', 'Portefeuille mediumblue accusamus', 3, 46.24, 53.76, '2024-03-14 10:52:26');
INSERT INTO portfolios (id, user_id, name, risk_profile_id, stocks, bonds, created_at) VALUES ('bf87f2d6-162c-4a7c-b21a-a5619848ea8a', 'a1b2bde4-662a-4e86-ac5b-614ccfa9ee73', 'Portefeuille silver consequatur', 2, 68.27, 31.73, '2024-11-05 05:48:46');
INSERT INTO portfolios (id, user_id, name, risk_profile_id, stocks, bonds, created_at) VALUES ('c853679e-f989-4115-9f47-a09a443ece5d', '74338e85-1a22-4efb-ad21-7586565d8857', 'Portefeuille darkmagenta dolores', 3, 44.72, 55.28, '2024-05-18 05:54:47');
INSERT INTO portfolios (id, user_id, name, risk_profile_id, stocks, bonds, created_at) VALUES ('c7652edf-fa51-4d91-9b8e-bd495be61fd8', '74338e85-1a22-4efb-ad21-7586565d8857', 'Portefeuille sienna voluptatem', 1, 40.91, 59.09, '2025-04-25 18:05:25');
INSERT INTO portfolios (id, user_id, name, risk_profile_id, stocks, bonds, created_at) VALUES ('d4790814-b425-48a0-ad19-227c4c30bc59', 'c499bed7-fee3-4d83-b7bf-755931198080', 'Portefeuille white delectus', 2, 29.27, 70.73, '2025-02-01 12:13:38');
INSERT INTO portfolios (id, user_id, name, risk_profile_id, stocks, bonds, created_at) VALUES ('a74fa8f8-f582-4957-94d0-6f90e311e4ba', 'ac756c32-2e59-45b8-8830-8ce57f0eb797', 'Portefeuille lawngreen ducimus', 3, 49.21, 50.79, '2025-03-08 02:54:23');
INSERT INTO portfolios (id, user_id, name, risk_profile_id, stocks, bonds, created_at) VALUES ('7fc6a206-4610-4f85-865a-1d623d06fc5b', 'ac756c32-2e59-45b8-8830-8ce57f0eb797', 'Portefeuille gray commodi', 3, 3.66, 96.34, '2024-09-16 13:47:16');
INSERT INTO portfolios (id, user_id, name, risk_profile_id, stocks, bonds, created_at) VALUES ('be6b9eec-f44e-4012-b25e-0ffc5ec6ed51', 'ac756c32-2e59-45b8-8830-8ce57f0eb797', 'Portefeuille magenta ipsa', 3, 48.09, 51.91, '2025-01-30 16:45:56');
INSERT INTO portfolios (id, user_id, name, risk_profile_id, stocks, bonds, created_at) VALUES ('d1ec4ab4-4c8c-4349-91dd-9506da1ffdaa', 'ac756c32-2e59-45b8-8830-8ce57f0eb797', 'Portefeuille orchid libero', 3, 28.4, 71.6, '2023-09-06 00:01:12');
INSERT INTO portfolios (id, user_id, name, risk_profile_id, stocks, bonds, created_at) VALUES ('d638fbdb-550a-497b-8081-a796c440422e', 'd367da4b-5454-494c-a7dc-89e1133fc847', 'Portefeuille green possimus', 1, 3.75, 96.25, '2024-09-02 02:36:57');
INSERT INTO portfolios (id, user_id, name, risk_profile_id, stocks, bonds, created_at) VALUES ('3d72fdad-635c-4f3c-b541-4b56afe9f171', 'd367da4b-5454-494c-a7dc-89e1133fc847', 'Portefeuille linen neque', 1, 15.81, 84.19, '2024-10-20 16:06:12');
INSERT INTO portfolios (id, user_id, name, risk_profile_id, stocks, bonds, created_at) VALUES ('9467af75-eee9-4c6a-bc34-efa62a36fe02', 'd367da4b-5454-494c-a7dc-89e1133fc847', 'Portefeuille darksalmon tempore', 2, 12.34, 87.66, '2024-01-27 12:37:49');
INSERT INTO portfolios (id, user_id, name, risk_profile_id, stocks, bonds, created_at) VALUES ('5ff21495-b3c3-459e-92d6-18bfb0a4fb88', 'd367da4b-5454-494c-a7dc-89e1133fc847', 'Portefeuille lightyellow pariatur', 3, 32.02, 67.98, '2025-05-14 18:54:20');
INSERT INTO portfolios (id, user_id, name, risk_profile_id, stocks, bonds, created_at) VALUES ('4a8dbf68-bb2c-4f4d-bcc5-314190b28057', 'f6690ac5-202d-4c01-a731-5ff5193e192d', 'Portefeuille chocolate enim', 3, 44.83, 55.17, '2023-09-20 03:40:45');
INSERT INTO portfolios (id, user_id, name, risk_profile_id, stocks, bonds, created_at) VALUES ('7745f7ec-a363-402c-ac9f-44eb2a678be8', 'f6690ac5-202d-4c01-a731-5ff5193e192d', 'Portefeuille lightpink dolor', 2, 18.8, 81.2, '2023-10-25 00:04:10');
INSERT INTO portfolios (id, user_id, name, risk_profile_id, stocks, bonds, created_at) VALUES ('9e31aea9-e1b5-44af-a280-ecc9f62f3828', 'f6690ac5-202d-4c01-a731-5ff5193e192d', 'Portefeuille dimgray illo', 1, 0.31, 99.69, '2025-04-10 00:37:47');
INSERT INTO portfolios (id, user_id, name, risk_profile_id, stocks, bonds, created_at) VALUES ('6f47d0b4-d31f-416c-a8d3-f61ef031d384', 'f6690ac5-202d-4c01-a731-5ff5193e192d', 'Portefeuille deeppink repellendus', 2, 31.48, 68.52, '2023-12-24 21:16:48');
INSERT INTO portfolios (id, user_id, name, risk_profile_id, stocks, bonds, created_at) VALUES ('0ca9aad6-666e-4137-8f9b-7555a5514fde', 'f6690ac5-202d-4c01-a731-5ff5193e192d', 'Portefeuille gray eveniet', 3, 77.18, 22.82, '2024-07-28 10:14:20');
INSERT INTO portfolios (id, user_id, name, risk_profile_id, stocks, bonds, created_at) VALUES ('39086ac6-dd39-4501-876c-18577f68d058', '905ed1a5-c25e-4d90-9407-1e697c8fd950', 'Portefeuille plum eos', 2, 11.49, 88.51, '2024-03-01 18:31:49');
INSERT INTO portfolios (id, user_id, name, risk_profile_id, stocks, bonds, created_at) VALUES ('570ccf9b-04b8-4933-b7e0-4a85417bc9b9', '905ed1a5-c25e-4d90-9407-1e697c8fd950', 'Portefeuille papayawhip natus', 3, 63.23, 36.77, '2024-02-24 06:59:31');
INSERT INTO portfolios (id, user_id, name, risk_profile_id, stocks, bonds, created_at) VALUES ('2658effd-4683-4cb2-aa4d-4e118c161aaa', '07cf5d31-2428-4fef-b5d2-ef8f1ff26e3f', 'Portefeuille mediumpurple veniam', 3, 74.87, 25.13, '2024-02-21 01:15:39');
INSERT INTO portfolios (id, user_id, name, risk_profile_id, stocks, bonds, created_at) VALUES ('25fb8cd5-a400-4ec8-8941-95862ca25535', '07cf5d31-2428-4fef-b5d2-ef8f1ff26e3f', 'Portefeuille dodgerblue labore', 1, 6.26, 93.74, '2024-08-14 11:36:48');
INSERT INTO portfolios (id, user_id, name, risk_profile_id, stocks, bonds, created_at) VALUES ('01a9c4df-fa35-4cb6-9e49-c5c7dbc55db3', '07cf5d31-2428-4fef-b5d2-ef8f1ff26e3f', 'Portefeuille darkslategray quod', 1, 32.86, 67.14, '2024-07-06 09:50:40');
INSERT INTO portfolios (id, user_id, name, risk_profile_id, stocks, bonds, created_at) VALUES ('f463ef75-b0c6-4f09-a4cc-df30997a7320', '07cf5d31-2428-4fef-b5d2-ef8f1ff26e3f', 'Portefeuille oldlace voluptatem', 2, 36.48, 63.52, '2023-08-07 17:20:40');
INSERT INTO portfolios (id, user_id, name, risk_profile_id, stocks, bonds, created_at) VALUES ('136d9d4b-56ad-4dde-9faa-2d40833725c1', '07cf5d31-2428-4fef-b5d2-ef8f1ff26e3f', 'Portefeuille linen expedita', 2, 11.56, 88.44, '2024-08-30 03:50:11');
INSERT INTO portfolios (id, user_id, name, risk_profile_id, stocks, bonds, created_at) VALUES ('32432be2-5ec1-418b-9b7f-7c53faa8bfe4', '7761c89d-9f49-4db5-b831-dca58ba6431d', 'Portefeuille goldenrod quod', 2, 42.56, 57.44, '2023-06-14 17:47:33');
INSERT INTO portfolios (id, user_id, name, risk_profile_id, stocks, bonds, created_at) VALUES ('c5f2543c-731e-43cb-9bc1-bb9b096f8ed1', '7761c89d-9f49-4db5-b831-dca58ba6431d', 'Portefeuille black natus', 2, 38.3, 61.7, '2023-09-12 07:12:16');
INSERT INTO portfolios (id, user_id, name, risk_profile_id, stocks, bonds, created_at) VALUES ('8fbe74d7-3fb8-4d04-8bbe-b5e7daaa2d26', '7761c89d-9f49-4db5-b831-dca58ba6431d', 'Portefeuille slateblue nulla', 3, 26.61, 73.39, '2023-09-09 21:20:19');
INSERT INTO portfolios (id, user_id, name, risk_profile_id, stocks, bonds, created_at) VALUES ('e107e28d-2f21-4b3f-aad4-d2bff3ba8790', '7761c89d-9f49-4db5-b831-dca58ba6431d', 'Portefeuille peachpuff necessitatibus', 2, 56.42, 43.58, '2024-02-09 07:43:55');
INSERT INTO portfolios (id, user_id, name, risk_profile_id, stocks, bonds, created_at) VALUES ('a7ab4716-6e89-4c1c-9b5e-229fa9c02634', '423a5390-069f-4139-91e5-be749055e992', 'Portefeuille lightslategray impedit', 3, 67.64, 32.36, '2025-04-24 23:20:24');
INSERT INTO portfolios (id, user_id, name, risk_profile_id, stocks, bonds, created_at) VALUES ('01e04547-18e8-476d-b45c-2144dbd63182', '423a5390-069f-4139-91e5-be749055e992', 'Portefeuille lavender est', 1, 4.12, 95.88, '2024-01-23 23:50:24');
INSERT INTO portfolios (id, user_id, name, risk_profile_id, stocks, bonds, created_at) VALUES ('73be0b34-24a9-4626-ae2e-00b0bf1cfb4e', '423a5390-069f-4139-91e5-be749055e992', 'Portefeuille mediumpurple libero', 2, 39.54, 60.46, '2024-06-11 01:38:33');
INSERT INTO portfolios (id, user_id, name, risk_profile_id, stocks, bonds, created_at) VALUES ('ecac6015-1705-4eea-b537-245fd3d5c1cd', '423a5390-069f-4139-91e5-be749055e992', 'Portefeuille honeydew facilis', 2, 39.64, 60.36, '2023-08-20 23:48:20');
INSERT INTO portfolios (id, user_id, name, risk_profile_id, stocks, bonds, created_at) VALUES ('943f82ce-3d42-499a-910c-3d845c5b7314', '423a5390-069f-4139-91e5-be749055e992', 'Portefeuille paleturquoise exercitationem', 2, 23.38, 76.62, '2024-08-30 00:58:25');
INSERT INTO portfolios (id, user_id, name, risk_profile_id, stocks, bonds, created_at) VALUES ('87f2c116-4d5f-4e6a-867f-4a9d3d6e4b62', '0afb4f2c-e21a-404d-b121-e5b398ceae4b', 'Portefeuille lemonchiffon a', 2, 28.96, 71.04, '2024-07-07 20:24:40');
INSERT INTO portfolios (id, user_id, name, risk_profile_id, stocks, bonds, created_at) VALUES ('19033183-0fb2-4040-9001-4c148ea77434', '0afb4f2c-e21a-404d-b121-e5b398ceae4b', 'Portefeuille aquamarine ipsa', 1, 43.22, 56.78, '2023-06-16 05:39:50');
INSERT INTO portfolios (id, user_id, name, risk_profile_id, stocks, bonds, created_at) VALUES ('3d896e07-3b79-416e-8a5f-17caf015cdd8', '0afb4f2c-e21a-404d-b121-e5b398ceae4b', 'Portefeuille darkorange expedita', 2, 31.85, 68.15, '2025-03-03 16:36:37');
INSERT INTO portfolios (id, user_id, name, risk_profile_id, stocks, bonds, created_at) VALUES ('149beb4f-9ce3-46ba-abbe-aa939010a700', '0afb4f2c-e21a-404d-b121-e5b398ceae4b', 'Portefeuille tomato sunt', 3, 79.56, 20.44, '2024-03-05 15:46:08');
INSERT INTO portfolios (id, user_id, name, risk_profile_id, stocks, bonds, created_at) VALUES ('31165dd6-f8ff-45da-8bf4-bfaa9ed0de25', 'ad337321-4be7-4bf2-8eca-697797422e85', 'Portefeuille darkturquoise cupiditate', 2, 65.73, 34.27, '2024-09-20 06:11:13');
INSERT INTO portfolios (id, user_id, name, risk_profile_id, stocks, bonds, created_at) VALUES ('1f790425-c391-437e-9d95-99e56a790d0b', 'ad337321-4be7-4bf2-8eca-697797422e85', 'Portefeuille mediumseagreen odio', 1, 16.43, 83.57, '2025-02-06 05:50:51');
INSERT INTO portfolios (id, user_id, name, risk_profile_id, stocks, bonds, created_at) VALUES ('4e4e4e77-317e-4a64-99e1-7898bf5eea81', 'd9ae1fcd-23b8-4888-987a-ef8930673efc', 'Portefeuille lightyellow harum', 1, 42.14, 57.86, '2024-12-25 09:15:13');
INSERT INTO portfolios (id, user_id, name, risk_profile_id, stocks, bonds, created_at) VALUES ('9dca4bd5-854a-46c0-8d2f-c71b89e6894e', 'd9ae1fcd-23b8-4888-987a-ef8930673efc', 'Portefeuille aliceblue dolorum', 3, 67.56, 32.44, '2024-09-10 01:28:40');
INSERT INTO portfolios (id, user_id, name, risk_profile_id, stocks, bonds, created_at) VALUES ('5f334d57-1a2f-4665-85e2-fec02459ecf2', 'd9ae1fcd-23b8-4888-987a-ef8930673efc', 'Portefeuille lemonchiffon assumenda', 3, 84.01, 15.99, '2024-12-07 18:17:54');
INSERT INTO portfolios (id, user_id, name, risk_profile_id, stocks, bonds, created_at) VALUES ('d2987d7c-0997-44e0-8e5f-5ca409438691', 'd9ae1fcd-23b8-4888-987a-ef8930673efc', 'Portefeuille dimgray aspernatur', 1, 54.49, 45.51, '2023-11-12 18:18:49');
INSERT INTO portfolios (id, user_id, name, risk_profile_id, stocks, bonds, created_at) VALUES ('7665d971-60e0-49be-b665-edaf924c0379', 'd9ae1fcd-23b8-4888-987a-ef8930673efc', 'Portefeuille aliceblue molestias', 2, 68.91, 31.09, '2024-01-12 05:10:58');
INSERT INTO portfolio_asset_classes (portfolio_id, asset_class_id, percentage) VALUES ('cdb7190c-bfe2-4f69-a3da-45aa1c506d82', 7, 33.78);
INSERT INTO portfolio_asset_classes (portfolio_id, asset_class_id, percentage) VALUES ('cdb7190c-bfe2-4f69-a3da-45aa1c506d82', 20, 45.95);
INSERT INTO portfolio_asset_classes (portfolio_id, asset_class_id, percentage) VALUES ('cdb7190c-bfe2-4f69-a3da-45aa1c506d82', 14, 20.27);
INSERT INTO portfolio_asset_classes (portfolio_id, asset_class_id, percentage) VALUES ('1e192e0d-6bf4-4b31-a0a2-3cef0066b67d', 9, 57.35);
INSERT INTO portfolio_asset_classes (portfolio_id, asset_class_id, percentage) VALUES ('1e192e0d-6bf4-4b31-a0a2-3cef0066b67d', 19, 42.65);
INSERT INTO portfolio_asset_classes (portfolio_id, asset_class_id, percentage) VALUES ('d6beebbb-5325-4e4b-ab9e-3dff45cde1af', 8, 10.19);
INSERT INTO portfolio_asset_classes (portfolio_id, asset_class_id, percentage) VALUES ('d6beebbb-5325-4e4b-ab9e-3dff45cde1af', 4, 37.04);
INSERT INTO portfolio_asset_classes (portfolio_id, asset_class_id, percentage) VALUES ('d6beebbb-5325-4e4b-ab9e-3dff45cde1af', 14, 16.67);
INSERT INTO portfolio_asset_classes (portfolio_id, asset_class_id, percentage) VALUES ('d6beebbb-5325-4e4b-ab9e-3dff45cde1af', 1, 24.07);
INSERT INTO portfolio_asset_classes (portfolio_id, asset_class_id, percentage) VALUES ('d6beebbb-5325-4e4b-ab9e-3dff45cde1af', 3, 12.03);
INSERT INTO portfolio_asset_classes (portfolio_id, asset_class_id, percentage) VALUES ('d1e9de36-9e11-4116-a958-dac22cafeefa', 5, 27.01);
INSERT INTO portfolio_asset_classes (portfolio_id, asset_class_id, percentage) VALUES ('d1e9de36-9e11-4116-a958-dac22cafeefa', 2, 24.82);
INSERT INTO portfolio_asset_classes (portfolio_id, asset_class_id, percentage) VALUES ('d1e9de36-9e11-4116-a958-dac22cafeefa', 15, 29.2);
INSERT INTO portfolio_asset_classes (portfolio_id, asset_class_id, percentage) VALUES ('d1e9de36-9e11-4116-a958-dac22cafeefa', 19, 7.3);
INSERT INTO portfolio_asset_classes (portfolio_id, asset_class_id, percentage) VALUES ('d1e9de36-9e11-4116-a958-dac22cafeefa', 10, 11.67);
INSERT INTO portfolio_asset_classes (portfolio_id, asset_class_id, percentage) VALUES ('d4fb0855-7bd5-48d1-917b-1d4d7f6796a3', 1, 37.7);
INSERT INTO portfolio_asset_classes (portfolio_id, asset_class_id, percentage) VALUES ('d4fb0855-7bd5-48d1-917b-1d4d7f6796a3', 9, 62.3);
INSERT INTO portfolio_asset_classes (portfolio_id, asset_class_id, percentage) VALUES ('33bfa398-4a97-4cff-924b-dfeb55ad8bf9', 18, 27.82);
INSERT INTO portfolio_asset_classes (portfolio_id, asset_class_id, percentage) VALUES ('33bfa398-4a97-4cff-924b-dfeb55ad8bf9', 14, 27.82);
INSERT INTO portfolio_asset_classes (portfolio_id, asset_class_id, percentage) VALUES ('33bfa398-4a97-4cff-924b-dfeb55ad8bf9', 1, 23.31);
INSERT INTO portfolio_asset_classes (portfolio_id, asset_class_id, percentage) VALUES ('33bfa398-4a97-4cff-924b-dfeb55ad8bf9', 7, 21.05);
INSERT INTO portfolio_asset_classes (portfolio_id, asset_class_id, percentage) VALUES ('5770eaa1-e08d-47c2-905d-05a38dc31ab2', 13, 21.17);
INSERT INTO portfolio_asset_classes (portfolio_id, asset_class_id, percentage) VALUES ('5770eaa1-e08d-47c2-905d-05a38dc31ab2', 15, 24.82);
INSERT INTO portfolio_asset_classes (portfolio_id, asset_class_id, percentage) VALUES ('5770eaa1-e08d-47c2-905d-05a38dc31ab2', 18, 25.55);
INSERT INTO portfolio_asset_classes (portfolio_id, asset_class_id, percentage) VALUES ('5770eaa1-e08d-47c2-905d-05a38dc31ab2', 2, 28.459999999999997);
INSERT INTO portfolio_asset_classes (portfolio_id, asset_class_id, percentage) VALUES ('e7922bb0-81fc-4a98-a917-5ccea3cf5778', 13, 42.86);
INSERT INTO portfolio_asset_classes (portfolio_id, asset_class_id, percentage) VALUES ('e7922bb0-81fc-4a98-a917-5ccea3cf5778', 2, 57.14);
INSERT INTO portfolio_asset_classes (portfolio_id, asset_class_id, percentage) VALUES ('bf87f2d6-162c-4a7c-b21a-a5619848ea8a', 8, 35.48);
INSERT INTO portfolio_asset_classes (portfolio_id, asset_class_id, percentage) VALUES ('bf87f2d6-162c-4a7c-b21a-a5619848ea8a', 7, 64.52);
INSERT INTO portfolio_asset_classes (portfolio_id, asset_class_id, percentage) VALUES ('c853679e-f989-4115-9f47-a09a443ece5d', 9, 18.99);
INSERT INTO portfolio_asset_classes (portfolio_id, asset_class_id, percentage) VALUES ('c853679e-f989-4115-9f47-a09a443ece5d', 1, 39.24);
INSERT INTO portfolio_asset_classes (portfolio_id, asset_class_id, percentage) VALUES ('c853679e-f989-4115-9f47-a09a443ece5d', 12, 41.77);
INSERT INTO portfolio_asset_classes (portfolio_id, asset_class_id, percentage) VALUES ('c7652edf-fa51-4d91-9b8e-bd495be61fd8', 9, 21.54);
INSERT INTO portfolio_asset_classes (portfolio_id, asset_class_id, percentage) VALUES ('c7652edf-fa51-4d91-9b8e-bd495be61fd8', 17, 52.31);
INSERT INTO portfolio_asset_classes (portfolio_id, asset_class_id, percentage) VALUES ('c7652edf-fa51-4d91-9b8e-bd495be61fd8', 11, 26.15);
INSERT INTO portfolio_asset_classes (portfolio_id, asset_class_id, percentage) VALUES ('d4790814-b425-48a0-ad19-227c4c30bc59', 1, 11.36);
INSERT INTO portfolio_asset_classes (portfolio_id, asset_class_id, percentage) VALUES ('d4790814-b425-48a0-ad19-227c4c30bc59', 17, 28.79);
INSERT INTO portfolio_asset_classes (portfolio_id, asset_class_id, percentage) VALUES ('d4790814-b425-48a0-ad19-227c4c30bc59', 2, 12.88);
INSERT INTO portfolio_asset_classes (portfolio_id, asset_class_id, percentage) VALUES ('d4790814-b425-48a0-ad19-227c4c30bc59', 8, 22.73);
INSERT INTO portfolio_asset_classes (portfolio_id, asset_class_id, percentage) VALUES ('d4790814-b425-48a0-ad19-227c4c30bc59', 19, 24.24);
INSERT INTO portfolio_asset_classes (portfolio_id, asset_class_id, percentage) VALUES ('a74fa8f8-f582-4957-94d0-6f90e311e4ba', 6, 19.4);
INSERT INTO portfolio_asset_classes (portfolio_id, asset_class_id, percentage) VALUES ('a74fa8f8-f582-4957-94d0-6f90e311e4ba', 16, 15.67);
INSERT INTO portfolio_asset_classes (portfolio_id, asset_class_id, percentage) VALUES ('a74fa8f8-f582-4957-94d0-6f90e311e4ba', 8, 13.43);
INSERT INTO portfolio_asset_classes (portfolio_id, asset_class_id, percentage) VALUES ('a74fa8f8-f582-4957-94d0-6f90e311e4ba', 17, 29.1);
INSERT INTO portfolio_asset_classes (portfolio_id, asset_class_id, percentage) VALUES ('a74fa8f8-f582-4957-94d0-6f90e311e4ba', 5, 22.400000000000002);
INSERT INTO portfolio_asset_classes (portfolio_id, asset_class_id, percentage) VALUES ('7fc6a206-4610-4f85-865a-1d623d06fc5b', 12, 38.24);
INSERT INTO portfolio_asset_classes (portfolio_id, asset_class_id, percentage) VALUES ('7fc6a206-4610-4f85-865a-1d623d06fc5b', 11, 11.76);
INSERT INTO portfolio_asset_classes (portfolio_id, asset_class_id, percentage) VALUES ('7fc6a206-4610-4f85-865a-1d623d06fc5b', 16, 16.67);
INSERT INTO portfolio_asset_classes (portfolio_id, asset_class_id, percentage) VALUES ('7fc6a206-4610-4f85-865a-1d623d06fc5b', 15, 33.33);
INSERT INTO portfolio_asset_classes (portfolio_id, asset_class_id, percentage) VALUES ('be6b9eec-f44e-4012-b25e-0ffc5ec6ed51', 6, 30.23);
INSERT INTO portfolio_asset_classes (portfolio_id, asset_class_id, percentage) VALUES ('be6b9eec-f44e-4012-b25e-0ffc5ec6ed51', 11, 69.77);
INSERT INTO portfolio_asset_classes (portfolio_id, asset_class_id, percentage) VALUES ('d1ec4ab4-4c8c-4349-91dd-9506da1ffdaa', 20, 31.25);
INSERT INTO portfolio_asset_classes (portfolio_id, asset_class_id, percentage) VALUES ('d1ec4ab4-4c8c-4349-91dd-9506da1ffdaa', 8, 29.17);
INSERT INTO portfolio_asset_classes (portfolio_id, asset_class_id, percentage) VALUES ('d1ec4ab4-4c8c-4349-91dd-9506da1ffdaa', 14, 39.58);
INSERT INTO portfolio_asset_classes (portfolio_id, asset_class_id, percentage) VALUES ('d638fbdb-550a-497b-8081-a796c440422e', 2, 42.86);
INSERT INTO portfolio_asset_classes (portfolio_id, asset_class_id, percentage) VALUES ('d638fbdb-550a-497b-8081-a796c440422e', 10, 14.29);
INSERT INTO portfolio_asset_classes (portfolio_id, asset_class_id, percentage) VALUES ('d638fbdb-550a-497b-8081-a796c440422e', 20, 42.85);
INSERT INTO portfolio_asset_classes (portfolio_id, asset_class_id, percentage) VALUES ('3d72fdad-635c-4f3c-b541-4b56afe9f171', 9, 43.75);
INSERT INTO portfolio_asset_classes (portfolio_id, asset_class_id, percentage) VALUES ('3d72fdad-635c-4f3c-b541-4b56afe9f171', 12, 56.25);
INSERT INTO portfolio_asset_classes (portfolio_id, asset_class_id, percentage) VALUES ('9467af75-eee9-4c6a-bc34-efa62a36fe02', 7, 23.91);
INSERT INTO portfolio_asset_classes (portfolio_id, asset_class_id, percentage) VALUES ('9467af75-eee9-4c6a-bc34-efa62a36fe02', 20, 16.67);
INSERT INTO portfolio_asset_classes (portfolio_id, asset_class_id, percentage) VALUES ('9467af75-eee9-4c6a-bc34-efa62a36fe02', 17, 15.94);
INSERT INTO portfolio_asset_classes (portfolio_id, asset_class_id, percentage) VALUES ('9467af75-eee9-4c6a-bc34-efa62a36fe02', 3, 17.39);
INSERT INTO portfolio_asset_classes (portfolio_id, asset_class_id, percentage) VALUES ('9467af75-eee9-4c6a-bc34-efa62a36fe02', 16, 26.09);
INSERT INTO portfolio_asset_classes (portfolio_id, asset_class_id, percentage) VALUES ('5ff21495-b3c3-459e-92d6-18bfb0a4fb88', 6, 46.15);
INSERT INTO portfolio_asset_classes (portfolio_id, asset_class_id, percentage) VALUES ('5ff21495-b3c3-459e-92d6-18bfb0a4fb88', 18, 53.85);
INSERT INTO portfolio_asset_classes (portfolio_id, asset_class_id, percentage) VALUES ('4a8dbf68-bb2c-4f4d-bcc5-314190b28057', 20, 21.0);
INSERT INTO portfolio_asset_classes (portfolio_id, asset_class_id, percentage) VALUES ('4a8dbf68-bb2c-4f4d-bcc5-314190b28057', 8, 28.0);
INSERT INTO portfolio_asset_classes (portfolio_id, asset_class_id, percentage) VALUES ('4a8dbf68-bb2c-4f4d-bcc5-314190b28057', 2, 26.0);
INSERT INTO portfolio_asset_classes (portfolio_id, asset_class_id, percentage) VALUES ('4a8dbf68-bb2c-4f4d-bcc5-314190b28057', 12, 25.0);
INSERT INTO portfolio_asset_classes (portfolio_id, asset_class_id, percentage) VALUES ('7745f7ec-a363-402c-ac9f-44eb2a678be8', 17, 12.4);
INSERT INTO portfolio_asset_classes (portfolio_id, asset_class_id, percentage) VALUES ('7745f7ec-a363-402c-ac9f-44eb2a678be8', 14, 11.57);
INSERT INTO portfolio_asset_classes (portfolio_id, asset_class_id, percentage) VALUES ('7745f7ec-a363-402c-ac9f-44eb2a678be8', 9, 23.14);
INSERT INTO portfolio_asset_classes (portfolio_id, asset_class_id, percentage) VALUES ('7745f7ec-a363-402c-ac9f-44eb2a678be8', 11, 29.75);
INSERT INTO portfolio_asset_classes (portfolio_id, asset_class_id, percentage) VALUES ('7745f7ec-a363-402c-ac9f-44eb2a678be8', 19, 23.14);
INSERT INTO portfolio_asset_classes (portfolio_id, asset_class_id, percentage) VALUES ('9e31aea9-e1b5-44af-a280-ecc9f62f3828', 16, 24.24);
INSERT INTO portfolio_asset_classes (portfolio_id, asset_class_id, percentage) VALUES ('9e31aea9-e1b5-44af-a280-ecc9f62f3828', 14, 40.4);
INSERT INTO portfolio_asset_classes (portfolio_id, asset_class_id, percentage) VALUES ('9e31aea9-e1b5-44af-a280-ecc9f62f3828', 1, 35.36);
INSERT INTO portfolio_asset_classes (portfolio_id, asset_class_id, percentage) VALUES ('6f47d0b4-d31f-416c-a8d3-f61ef031d384', 20, 29.41);
INSERT INTO portfolio_asset_classes (portfolio_id, asset_class_id, percentage) VALUES ('6f47d0b4-d31f-416c-a8d3-f61ef031d384', 12, 19.61);
INSERT INTO portfolio_asset_classes (portfolio_id, asset_class_id, percentage) VALUES ('6f47d0b4-d31f-416c-a8d3-f61ef031d384', 9, 11.76);
INSERT INTO portfolio_asset_classes (portfolio_id, asset_class_id, percentage) VALUES ('6f47d0b4-d31f-416c-a8d3-f61ef031d384', 16, 39.22);
INSERT INTO portfolio_asset_classes (portfolio_id, asset_class_id, percentage) VALUES ('0ca9aad6-666e-4137-8f9b-7555a5514fde', 19, 41.86);
INSERT INTO portfolio_asset_classes (portfolio_id, asset_class_id, percentage) VALUES ('0ca9aad6-666e-4137-8f9b-7555a5514fde', 10, 58.14);
INSERT INTO portfolio_asset_classes (portfolio_id, asset_class_id, percentage) VALUES ('39086ac6-dd39-4501-876c-18577f68d058', 11, 11.96);
INSERT INTO portfolio_asset_classes (portfolio_id, asset_class_id, percentage) VALUES ('39086ac6-dd39-4501-876c-18577f68d058', 8, 17.39);
INSERT INTO portfolio_asset_classes (portfolio_id, asset_class_id, percentage) VALUES ('39086ac6-dd39-4501-876c-18577f68d058', 9, 25.0);
INSERT INTO portfolio_asset_classes (portfolio_id, asset_class_id, percentage) VALUES ('39086ac6-dd39-4501-876c-18577f68d058', 3, 11.96);
INSERT INTO portfolio_asset_classes (portfolio_id, asset_class_id, percentage) VALUES ('39086ac6-dd39-4501-876c-18577f68d058', 14, 33.690000000000005);
INSERT INTO portfolio_asset_classes (portfolio_id, asset_class_id, percentage) VALUES ('570ccf9b-04b8-4933-b7e0-4a85417bc9b9', 17, 32.08);
INSERT INTO portfolio_asset_classes (portfolio_id, asset_class_id, percentage) VALUES ('570ccf9b-04b8-4933-b7e0-4a85417bc9b9', 18, 37.74);
INSERT INTO portfolio_asset_classes (portfolio_id, asset_class_id, percentage) VALUES ('570ccf9b-04b8-4933-b7e0-4a85417bc9b9', 16, 30.18);
INSERT INTO portfolio_asset_classes (portfolio_id, asset_class_id, percentage) VALUES ('2658effd-4683-4cb2-aa4d-4e118c161aaa', 4, 20.73);
INSERT INTO portfolio_asset_classes (portfolio_id, asset_class_id, percentage) VALUES ('2658effd-4683-4cb2-aa4d-4e118c161aaa', 17, 20.73);
INSERT INTO portfolio_asset_classes (portfolio_id, asset_class_id, percentage) VALUES ('2658effd-4683-4cb2-aa4d-4e118c161aaa', 2, 26.83);
INSERT INTO portfolio_asset_classes (portfolio_id, asset_class_id, percentage) VALUES ('2658effd-4683-4cb2-aa4d-4e118c161aaa', 18, 31.71);
INSERT INTO portfolio_asset_classes (portfolio_id, asset_class_id, percentage) VALUES ('25fb8cd5-a400-4ec8-8941-95862ca25535', 17, 47.37);
INSERT INTO portfolio_asset_classes (portfolio_id, asset_class_id, percentage) VALUES ('25fb8cd5-a400-4ec8-8941-95862ca25535', 12, 23.68);
INSERT INTO portfolio_asset_classes (portfolio_id, asset_class_id, percentage) VALUES ('25fb8cd5-a400-4ec8-8941-95862ca25535', 8, 28.95);
INSERT INTO portfolio_asset_classes (portfolio_id, asset_class_id, percentage) VALUES ('01a9c4df-fa35-4cb6-9e49-c5c7dbc55db3', 2, 36.63);
INSERT INTO portfolio_asset_classes (portfolio_id, asset_class_id, percentage) VALUES ('01a9c4df-fa35-4cb6-9e49-c5c7dbc55db3', 3, 34.65);
INSERT INTO portfolio_asset_classes (portfolio_id, asset_class_id, percentage) VALUES ('01a9c4df-fa35-4cb6-9e49-c5c7dbc55db3', 18, 28.720000000000002);
INSERT INTO portfolio_asset_classes (portfolio_id, asset_class_id, percentage) VALUES ('f463ef75-b0c6-4f09-a4cc-df30997a7320', 14, 58.14);
INSERT INTO portfolio_asset_classes (portfolio_id, asset_class_id, percentage) VALUES ('f463ef75-b0c6-4f09-a4cc-df30997a7320', 1, 41.86);
INSERT INTO portfolio_asset_classes (portfolio_id, asset_class_id, percentage) VALUES ('136d9d4b-56ad-4dde-9faa-2d40833725c1', 15, 43.48);
INSERT INTO portfolio_asset_classes (portfolio_id, asset_class_id, percentage) VALUES ('136d9d4b-56ad-4dde-9faa-2d40833725c1', 14, 56.52);
INSERT INTO portfolio_asset_classes (portfolio_id, asset_class_id, percentage) VALUES ('32432be2-5ec1-418b-9b7f-7c53faa8bfe4', 1, 22.08);
INSERT INTO portfolio_asset_classes (portfolio_id, asset_class_id, percentage) VALUES ('32432be2-5ec1-418b-9b7f-7c53faa8bfe4', 11, 14.94);
INSERT INTO portfolio_asset_classes (portfolio_id, asset_class_id, percentage) VALUES ('32432be2-5ec1-418b-9b7f-7c53faa8bfe4', 15, 14.29);
INSERT INTO portfolio_asset_classes (portfolio_id, asset_class_id, percentage) VALUES ('32432be2-5ec1-418b-9b7f-7c53faa8bfe4', 6, 25.32);
INSERT INTO portfolio_asset_classes (portfolio_id, asset_class_id, percentage) VALUES ('32432be2-5ec1-418b-9b7f-7c53faa8bfe4', 3, 23.369999999999997);
INSERT INTO portfolio_asset_classes (portfolio_id, asset_class_id, percentage) VALUES ('c5f2543c-731e-43cb-9bc1-bb9b096f8ed1', 11, 32.56);
INSERT INTO portfolio_asset_classes (portfolio_id, asset_class_id, percentage) VALUES ('c5f2543c-731e-43cb-9bc1-bb9b096f8ed1', 9, 34.88);
INSERT INTO portfolio_asset_classes (portfolio_id, asset_class_id, percentage) VALUES ('c5f2543c-731e-43cb-9bc1-bb9b096f8ed1', 7, 32.56);
INSERT INTO portfolio_asset_classes (portfolio_id, asset_class_id, percentage) VALUES ('8fbe74d7-3fb8-4d04-8bbe-b5e7daaa2d26', 9, 9.62);
INSERT INTO portfolio_asset_classes (portfolio_id, asset_class_id, percentage) VALUES ('8fbe74d7-3fb8-4d04-8bbe-b5e7daaa2d26', 11, 18.27);
INSERT INTO portfolio_asset_classes (portfolio_id, asset_class_id, percentage) VALUES ('8fbe74d7-3fb8-4d04-8bbe-b5e7daaa2d26', 13, 36.54);
INSERT INTO portfolio_asset_classes (portfolio_id, asset_class_id, percentage) VALUES ('8fbe74d7-3fb8-4d04-8bbe-b5e7daaa2d26', 8, 35.57);
INSERT INTO portfolio_asset_classes (portfolio_id, asset_class_id, percentage) VALUES ('e107e28d-2f21-4b3f-aad4-d2bff3ba8790', 20, 21.5);
INSERT INTO portfolio_asset_classes (portfolio_id, asset_class_id, percentage) VALUES ('e107e28d-2f21-4b3f-aad4-d2bff3ba8790', 10, 30.84);
INSERT INTO portfolio_asset_classes (portfolio_id, asset_class_id, percentage) VALUES ('e107e28d-2f21-4b3f-aad4-d2bff3ba8790', 15, 14.02);
INSERT INTO portfolio_asset_classes (portfolio_id, asset_class_id, percentage) VALUES ('e107e28d-2f21-4b3f-aad4-d2bff3ba8790', 2, 33.64);
INSERT INTO portfolio_asset_classes (portfolio_id, asset_class_id, percentage) VALUES ('a7ab4716-6e89-4c1c-9b5e-229fa9c02634', 10, 42.62);
INSERT INTO portfolio_asset_classes (portfolio_id, asset_class_id, percentage) VALUES ('a7ab4716-6e89-4c1c-9b5e-229fa9c02634', 13, 22.95);
INSERT INTO portfolio_asset_classes (portfolio_id, asset_class_id, percentage) VALUES ('a7ab4716-6e89-4c1c-9b5e-229fa9c02634', 6, 34.43);
INSERT INTO portfolio_asset_classes (portfolio_id, asset_class_id, percentage) VALUES ('01e04547-18e8-476d-b45c-2144dbd63182', 11, 22.33);
INSERT INTO portfolio_asset_classes (portfolio_id, asset_class_id, percentage) VALUES ('01e04547-18e8-476d-b45c-2144dbd63182', 1, 28.16);
INSERT INTO portfolio_asset_classes (portfolio_id, asset_class_id, percentage) VALUES ('01e04547-18e8-476d-b45c-2144dbd63182', 2, 14.56);
INSERT INTO portfolio_asset_classes (portfolio_id, asset_class_id, percentage) VALUES ('01e04547-18e8-476d-b45c-2144dbd63182', 13, 19.42);
INSERT INTO portfolio_asset_classes (portfolio_id, asset_class_id, percentage) VALUES ('01e04547-18e8-476d-b45c-2144dbd63182', 5, 15.53);
INSERT INTO portfolio_asset_classes (portfolio_id, asset_class_id, percentage) VALUES ('73be0b34-24a9-4626-ae2e-00b0bf1cfb4e', 16, 22.39);
INSERT INTO portfolio_asset_classes (portfolio_id, asset_class_id, percentage) VALUES ('73be0b34-24a9-4626-ae2e-00b0bf1cfb4e', 15, 19.4);
INSERT INTO portfolio_asset_classes (portfolio_id, asset_class_id, percentage) VALUES ('73be0b34-24a9-4626-ae2e-00b0bf1cfb4e', 5, 28.36);
INSERT INTO portfolio_asset_classes (portfolio_id, asset_class_id, percentage) VALUES ('73be0b34-24a9-4626-ae2e-00b0bf1cfb4e', 10, 29.85);
INSERT INTO portfolio_asset_classes (portfolio_id, asset_class_id, percentage) VALUES ('ecac6015-1705-4eea-b537-245fd3d5c1cd', 2, 54.55);
INSERT INTO portfolio_asset_classes (portfolio_id, asset_class_id, percentage) VALUES ('ecac6015-1705-4eea-b537-245fd3d5c1cd', 20, 45.45);
INSERT INTO portfolio_asset_classes (portfolio_id, asset_class_id, percentage) VALUES ('943f82ce-3d42-499a-910c-3d845c5b7314', 2, 55.71);
INSERT INTO portfolio_asset_classes (portfolio_id, asset_class_id, percentage) VALUES ('943f82ce-3d42-499a-910c-3d845c5b7314', 7, 44.29);
INSERT INTO portfolio_asset_classes (portfolio_id, asset_class_id, percentage) VALUES ('87f2c116-4d5f-4e6a-867f-4a9d3d6e4b62', 9, 56.25);
INSERT INTO portfolio_asset_classes (portfolio_id, asset_class_id, percentage) VALUES ('87f2c116-4d5f-4e6a-867f-4a9d3d6e4b62', 10, 43.75);
INSERT INTO portfolio_asset_classes (portfolio_id, asset_class_id, percentage) VALUES ('19033183-0fb2-4040-9001-4c148ea77434', 13, 28.42);
INSERT INTO portfolio_asset_classes (portfolio_id, asset_class_id, percentage) VALUES ('19033183-0fb2-4040-9001-4c148ea77434', 15, 34.74);
INSERT INTO portfolio_asset_classes (portfolio_id, asset_class_id, percentage) VALUES ('19033183-0fb2-4040-9001-4c148ea77434', 3, 36.84);
INSERT INTO portfolio_asset_classes (portfolio_id, asset_class_id, percentage) VALUES ('3d896e07-3b79-416e-8a5f-17caf015cdd8', 17, 11.83);
INSERT INTO portfolio_asset_classes (portfolio_id, asset_class_id, percentage) VALUES ('3d896e07-3b79-416e-8a5f-17caf015cdd8', 8, 33.33);
INSERT INTO portfolio_asset_classes (portfolio_id, asset_class_id, percentage) VALUES ('3d896e07-3b79-416e-8a5f-17caf015cdd8', 3, 33.33);
INSERT INTO portfolio_asset_classes (portfolio_id, asset_class_id, percentage) VALUES ('3d896e07-3b79-416e-8a5f-17caf015cdd8', 9, 21.51);
INSERT INTO portfolio_asset_classes (portfolio_id, asset_class_id, percentage) VALUES ('149beb4f-9ce3-46ba-abbe-aa939010a700', 19, 18.87);
INSERT INTO portfolio_asset_classes (portfolio_id, asset_class_id, percentage) VALUES ('149beb4f-9ce3-46ba-abbe-aa939010a700', 8, 34.91);
INSERT INTO portfolio_asset_classes (portfolio_id, asset_class_id, percentage) VALUES ('149beb4f-9ce3-46ba-abbe-aa939010a700', 6, 29.25);
INSERT INTO portfolio_asset_classes (portfolio_id, asset_class_id, percentage) VALUES ('149beb4f-9ce3-46ba-abbe-aa939010a700', 13, 16.97);
INSERT INTO portfolio_asset_classes (portfolio_id, asset_class_id, percentage) VALUES ('31165dd6-f8ff-45da-8bf4-bfaa9ed0de25', 13, 8.85);
INSERT INTO portfolio_asset_classes (portfolio_id, asset_class_id, percentage) VALUES ('31165dd6-f8ff-45da-8bf4-bfaa9ed0de25', 9, 26.55);
INSERT INTO portfolio_asset_classes (portfolio_id, asset_class_id, percentage) VALUES ('31165dd6-f8ff-45da-8bf4-bfaa9ed0de25', 10, 14.16);
INSERT INTO portfolio_asset_classes (portfolio_id, asset_class_id, percentage) VALUES ('31165dd6-f8ff-45da-8bf4-bfaa9ed0de25', 4, 30.09);
INSERT INTO portfolio_asset_classes (portfolio_id, asset_class_id, percentage) VALUES ('31165dd6-f8ff-45da-8bf4-bfaa9ed0de25', 7, 20.35);
INSERT INTO portfolio_asset_classes (portfolio_id, asset_class_id, percentage) VALUES ('1f790425-c391-437e-9d95-99e56a790d0b', 20, 8.27);
INSERT INTO portfolio_asset_classes (portfolio_id, asset_class_id, percentage) VALUES ('1f790425-c391-437e-9d95-99e56a790d0b', 2, 27.82);
INSERT INTO portfolio_asset_classes (portfolio_id, asset_class_id, percentage) VALUES ('1f790425-c391-437e-9d95-99e56a790d0b', 15, 19.55);
INSERT INTO portfolio_asset_classes (portfolio_id, asset_class_id, percentage) VALUES ('1f790425-c391-437e-9d95-99e56a790d0b', 7, 27.82);
INSERT INTO portfolio_asset_classes (portfolio_id, asset_class_id, percentage) VALUES ('1f790425-c391-437e-9d95-99e56a790d0b', 9, 16.54);
INSERT INTO portfolio_asset_classes (portfolio_id, asset_class_id, percentage) VALUES ('4e4e4e77-317e-4a64-99e1-7898bf5eea81', 19, 43.28);
INSERT INTO portfolio_asset_classes (portfolio_id, asset_class_id, percentage) VALUES ('4e4e4e77-317e-4a64-99e1-7898bf5eea81', 3, 56.72);
INSERT INTO portfolio_asset_classes (portfolio_id, asset_class_id, percentage) VALUES ('9dca4bd5-854a-46c0-8d2f-c71b89e6894e', 8, 38.78);
INSERT INTO portfolio_asset_classes (portfolio_id, asset_class_id, percentage) VALUES ('9dca4bd5-854a-46c0-8d2f-c71b89e6894e', 13, 20.41);
INSERT INTO portfolio_asset_classes (portfolio_id, asset_class_id, percentage) VALUES ('9dca4bd5-854a-46c0-8d2f-c71b89e6894e', 2, 40.81);
INSERT INTO portfolio_asset_classes (portfolio_id, asset_class_id, percentage) VALUES ('5f334d57-1a2f-4665-85e2-fec02459ecf2', 7, 25.0);
INSERT INTO portfolio_asset_classes (portfolio_id, asset_class_id, percentage) VALUES ('5f334d57-1a2f-4665-85e2-fec02459ecf2', 11, 30.36);
INSERT INTO portfolio_asset_classes (portfolio_id, asset_class_id, percentage) VALUES ('5f334d57-1a2f-4665-85e2-fec02459ecf2', 13, 8.93);
INSERT INTO portfolio_asset_classes (portfolio_id, asset_class_id, percentage) VALUES ('5f334d57-1a2f-4665-85e2-fec02459ecf2', 8, 35.71);
INSERT INTO portfolio_asset_classes (portfolio_id, asset_class_id, percentage) VALUES ('d2987d7c-0997-44e0-8e5f-5ca409438691', 7, 12.1);
INSERT INTO portfolio_asset_classes (portfolio_id, asset_class_id, percentage) VALUES ('d2987d7c-0997-44e0-8e5f-5ca409438691', 15, 22.58);
INSERT INTO portfolio_asset_classes (portfolio_id, asset_class_id, percentage) VALUES ('d2987d7c-0997-44e0-8e5f-5ca409438691', 14, 19.35);
INSERT INTO portfolio_asset_classes (portfolio_id, asset_class_id, percentage) VALUES ('d2987d7c-0997-44e0-8e5f-5ca409438691', 13, 15.32);
INSERT INTO portfolio_asset_classes (portfolio_id, asset_class_id, percentage) VALUES ('d2987d7c-0997-44e0-8e5f-5ca409438691', 12, 30.65);
INSERT INTO portfolio_asset_classes (portfolio_id, asset_class_id, percentage) VALUES ('7665d971-60e0-49be-b665-edaf924c0379', 14, 20.14);
INSERT INTO portfolio_asset_classes (portfolio_id, asset_class_id, percentage) VALUES ('7665d971-60e0-49be-b665-edaf924c0379', 2, 16.67);
INSERT INTO portfolio_asset_classes (portfolio_id, asset_class_id, percentage) VALUES ('7665d971-60e0-49be-b665-edaf924c0379', 12, 23.61);
INSERT INTO portfolio_asset_classes (portfolio_id, asset_class_id, percentage) VALUES ('7665d971-60e0-49be-b665-edaf924c0379', 16, 13.19);
INSERT INTO portfolio_asset_classes (portfolio_id, asset_class_id, percentage) VALUES ('7665d971-60e0-49be-b665-edaf924c0379', 9, 26.39);